algorithm,size,seed,rule,lookahead,found,steps_taken,total_cost,total_runtime_ms,replans,updates,total_nodes_expanded,total_replan_time_ms,w,N,k,m,spike_cost
UCS,20x20,0,Path Ahead Spiking,10,1,36,131.0,1.5677083283662796,4,3,878,1.5143360942602158,,10,5,5,50
A*,20x20,0,Path Ahead Spiking,10,1,34,202.0,2.2050831466913223,4,3,1143,2.15974822640419,,10,5,5,50
wA*,20x20,0,Path Ahead Spiking,10,1,36,225.0,2.47812457382679,4,3,1276,2.4316255003213882,2.0,10,5,5,50
GBFS,20x20,0,Path Ahead Spiking,10,1,34,833.0,0.12158229947090149,4,3,80,0.09862706065177917,,10,5,5,50
D*Lite,20x20,0,Path Ahead Spiking,10,1,34,250.0,7.627708837389946,4,3,522,7.3752496391534805,,10,5,5,50
UCS,20x20,1,Path Ahead Spiking,10,1,36,140.0,1.6698762774467468,4,3,996,1.6285013407468796,,10,5,5,50
A*,20x20,1,Path Ahead Spiking,10,1,38,200.0,2.1275002509355545,4,3,1115,2.084581181406975,,10,5,5,50
wA*,20x20,1,Path Ahead Spiking,10,1,36,253.0,2.4567078799009323,4,3,1264,2.4138744920492172,2.0,10,5,5,50
GBFS,20x20,1,Path Ahead Spiking,10,1,34,816.0,0.11637434363365173,4,3,80,0.09474903345108032,,10,5,5,50
D*Lite,20x20,1,Path Ahead Spiking,10,1,34,279.0,8.593875914812088,4,3,557,8.360624313354492,,10,5,5,50
UCS,20x20,2,Path Ahead Spiking,10,1,34,136.0,1.5002917498350143,4,3,873,1.4596674591302872,,10,5,5,50
A*,20x20,2,Path Ahead Spiking,10,1,38,183.0,2.2120829671621323,4,3,1114,2.1681655198335648,,10,5,5,50
wA*,20x20,2,Path Ahead Spiking,10,1,34,225.0,2.311166375875473,4,3,1181,2.269294112920761,2.0,10,5,5,50
GBFS,20x20,2,Path Ahead Spiking,10,1,34,815.0,0.12404099106788635,4,3,80,0.10108202695846558,,10,5,5,50
D*Lite,20x20,2,Path Ahead Spiking,10,1,34,275.0,9.849250316619873,4,3,646,9.59833711385727,,10,5,5,50
UCS,20x20,3,Path Ahead Spiking,10,1,36,136.0,1.5150420367717743,4,3,902,1.4758780598640442,,10,5,5,50
A*,20x20,3,Path Ahead Spiking,10,1,38,206.0,2.040708437561989,4,3,1034,1.9978322088718414,,10,5,5,50
wA*,20x20,3,Path Ahead Spiking,10,1,36,265.0,2.465125173330307,4,3,1286,2.420583739876747,2.0,10,5,5,50
GBFS,20x20,3,Path Ahead Spiking,10,1,34,831.0,0.11537596583366394,4,3,80,0.09437650442123413,,10,5,5,50
D*Lite,20x20,3,Path Ahead Spiking,10,1,34,281.0,8.645500987768173,4,3,555,8.386710658669472,,10,5,5,50
UCS,20x20,4,Path Ahead Spiking,10,1,34,146.0,1.6553346067667007,4,3,966,1.6169585287570953,,10,5,5,50
A*,20x20,4,Path Ahead Spiking,10,1,38,204.0,2.3253746330738068,4,3,1191,2.2813770920038223,,10,5,5,50
wA*,20x20,4,Path Ahead Spiking,10,1,36,250.0,2.393042668700218,4,3,1221,2.3500435054302216,2.0,10,5,5,50
GBFS,20x20,4,Path Ahead Spiking,10,1,34,854.0,0.12304075062274933,4,3,80,0.10062754154205322,,10,5,5,50
D*Lite,20x20,4,Path Ahead Spiking,10,1,36,286.0,8.228333666920662,4,3,531,7.971582934260368,,10,5,5,50
UCS,20x20,5,Path Ahead Spiking,10,1,34,129.0,1.522459089756012,4,3,893,1.4833323657512665,,10,5,5,50
A*,20x20,5,Path Ahead Spiking,10,1,36,189.0,1.9178744405508041,4,3,978,1.8771253526210785,,10,5,5,50
wA*,20x20,5,Path Ahead Spiking,10,1,36,272.0,2.4419594556093216,4,3,1203,2.396412193775177,2.0,10,5,5,50
GBFS,20x20,5,Path Ahead Spiking,10,1,34,821.0,0.1143328845500946,4,3,80,0.09325332939624786,,10,5,5,50
D*Lite,20x20,5,Path Ahead Spiking,10,1,36,309.0,8.886458352208138,4,3,591,8.650872856378555,,10,5,5,50
UCS,20x20,6,Path Ahead Spiking,10,1,38,141.0,1.9595418125391006,4,3,1071,1.908252015709877,,10,5,5,50
A*,20x20,6,Path Ahead Spiking,10,1,36,195.0,2.082584425806999,4,3,1038,2.037499099969864,,10,5,5,50
wA*,20x20,6,Path Ahead Spiking,10,1,40,221.0,2.34299898147583,4,3,1218,2.2983327507972717,2.0,10,5,5,50
GBFS,20x20,6,Path Ahead Spiking,10,1,34,822.0,0.12287497520446777,4,3,80,0.10029226541519165,,10,5,5,50
D*Lite,20x20,6,Path Ahead Spiking,10,1,40,290.0,7.538333535194397,4,3,464,7.259335368871689,,10,5,5,50
UCS,20x20,7,Path Ahead Spiking,10,1,36,137.0,1.7032083123922348,4,3,962,1.6575008630752563,,10,5,5,50
A*,20x20,7,Path Ahead Spiking,10,1,36,181.0,2.0225420594215393,4,3,996,1.979125663638115,,10,5,5,50
wA*,20x20,7,Path Ahead Spiking,10,1,40,252.0,2.716248854994774,4,3,1279,2.665748819708824,2.0,10,5,5,50
GBFS,20x20,7,Path Ahead Spiking,10,1,34,812.0,0.12104213237762451,4,3,80,0.09904429316520691,,10,5,5,50
D*Lite,20x20,7,Path Ahead Spiking,10,1,34,279.0,8.323168382048607,4,3,534,8.049750700592995,,10,5,5,50
UCS,20x20,8,Path Ahead Spiking,10,1,34,148.0,1.784415915608406,4,3,988,1.733291894197464,,10,5,5,50
A*,20x20,8,Path Ahead Spiking,10,1,40,217.0,2.43491493165493,4,3,1181,2.3848358541727066,,10,5,5,50
wA*,20x20,8,Path Ahead Spiking,10,1,36,243.0,2.681167796254158,4,3,1274,2.6305820792913437,2.0,10,5,5,50
GBFS,20x20,8,Path Ahead Spiking,10,1,34,816.0,0.13249926269054413,4,3,80,0.10883435606956482,,10,5,5,50
D*Lite,20x20,8,Path Ahead Spiking,10,1,34,290.0,11.6993747651577,4,3,706,11.406335979700089,,10,5,5,50
UCS,20x20,9,Path Ahead Spiking,10,1,38,125.0,1.9506663084030151,4,3,1041,1.8968340009450912,,10,5,5,50
A*,20x20,9,Path Ahead Spiking,10,1,38,129.0,2.075333148241043,4,3,959,2.0296648144721985,,10,5,5,50
wA*,20x20,9,Path Ahead Spiking,10,1,40,184.0,2.4548321962356567,4,3,1088,2.3940838873386383,2.0,10,5,5,50
GBFS,20x20,9,Path Ahead Spiking,10,1,34,824.0,0.13329088687896729,4,3,80,0.10970793664455414,,10,5,5,50
D*Lite,20x20,9,Path Ahead Spiking,10,1,38,276.0,12.087833136320114,4,3,736,11.771291494369507,,10,5,5,50
UCS,40x40,0,Path Ahead Spiking,10,1,80,278.0,17.275458201766014,8,7,9042,17.026498913764954,,10,5,5,50
A*,40x40,0,Path Ahead Spiking,10,1,80,288.0,16.925208270549774,8,7,7925,16.703704372048378,,10,5,5,50
wA*,40x40,0,Path Ahead Spiking,10,1,80,337.0,15.336249023675919,8,7,6946,15.118081122636795,2.0,10,5,5,50
GBFS,40x40,0,Path Ahead Spiking,10,1,74,2041.0,0.4477091133594513,8,7,320,0.39266422390937805,,10,5,5,50
D*Lite,40x40,0,Path Ahead Spiking,10,1,82,402.0,37.037042900919914,9,8,2278,36.21695376932621,,10,5,5,50
UCS,40x40,1,Path Ahead Spiking,10,1,78,291.0,16.432084143161774,8,7,9155,16.206247732043266,,10,5,5,50
A*,40x40,1,Path Ahead Spiking,10,1,74,343.0,16.122832894325256,8,7,7900,15.92354103922844,,10,5,5,50
wA*,40x40,1,Path Ahead Spiking,10,1,80,359.0,19.936708733439445,8,7,8493,19.5919182151556,2.0,10,5,5,50
GBFS,40x40,1,Path Ahead Spiking,10,1,74,2046.0,0.43454207479953766,8,7,320,0.37904269993305206,,10,5,5,50
D*Lite,40x40,1,Path Ahead Spiking,10,1,76,357.0,30.030790716409683,8,7,1886,29.18517217040062,,10,5,5,50
UCS,40x40,2,Path Ahead Spiking,10,1,80,295.0,16.950417309999466,8,7,8555,16.655208542943,,10,5,5,50
A*,40x40,2,Path Ahead Spiking,10,1,88,344.0,16.589084640145302,9,8,7796,16.315413638949394,,10,5,5,50
wA*,40x40,2,Path Ahead Spiking,10,1,76,403.0,15.886208042502403,8,7,7129,15.664922073483467,2.0,10,5,5,50
GBFS,40x40,2,Path Ahead Spiking,10,1,74,2104.0,0.4842914640903473,8,7,320,0.41445717215538025,,10,5,5,50
D*Lite,40x40,2,Path Ahead Spiking,10,1,84,386.0,43.75162534415722,9,8,2590,42.87625104188919,,10,5,5,50
UCS,40x40,3,Path Ahead Spiking,10,1,94,303.0,16.773125156760216,10,9,9554,16.526123508810997,,10,5,5,50
A*,40x40,3,Path Ahead Spiking,10,1,94,349.0,16.341082751750946,10,9,8262,16.11778698861599,,10,5,5,50
wA*,40x40,3,Path Ahead Spiking,10,1,90,392.0,18.581125885248184,9,8,9079,18.358537927269936,2.0,10,5,5,50
GBFS,40x40,3,Path Ahead Spiking,10,1,74,2042.0,0.4631243646144867,8,7,320,0.40803849697113037,,10,5,5,50
D*Lite,40x40,3,Path Ahead Spiking,10,1,80,380.0,30.97125142812729,8,7,2003,30.215831473469734,,10,5,5,50
UCS,40x40,4,Path Ahead Spiking,10,1,76,301.0,15.368707478046417,8,7,8843,15.15403762459755,,10,5,5,50
A*,40x40,4,Path Ahead Spiking,10,1,76,405.0,16.25725068151951,8,7,7983,16.04437083005905,,10,5,5,50
wA*,40x40,4,Path Ahead Spiking,10,1,82,368.0,21.13649994134903,9,8,9689,20.849917083978653,2.0,10,5,5,50
GBFS,40x40,4,Path Ahead Spiking,10,1,74,2019.0,0.48829056322574615,8,7,320,0.428665429353714,,10,5,5,50
D*Lite,40x40,4,Path Ahead Spiking,10,1,82,361.0,42.46995784342289,9,8,2535,41.59141704440117,,10,5,5,50
UCS,40x40,5,Path Ahead Spiking,10,1,78,308.0,15.953334048390388,8,7,8566,15.710456296801567,,10,5,5,50
A*,40x40,5,Path Ahead Spiking,10,1,90,363.0,16.5219996124506,9,8,7716,16.28083549439907,,10,5,5,50
wA*,40x40,5,Path Ahead Spiking,10,1,90,358.0,13.585083186626434,9,8,6554,13.39271105825901,2.0,10,5,5,50
GBFS,40x40,5,Path Ahead Spiking,10,1,74,1991.0,0.4415009170770645,8,7,320,0.38662925362586975,,10,5,5,50
D*Lite,40x40,5,Path Ahead Spiking,10,1,74,436.0,42.823292315006256,8,7,2700,42.10195690393448,,10,5,5,50
UCS,40x40,6,Path Ahead Spiking,10,1,86,336.0,16.405625268816948,9,8,9334,16.17846079170704,,10,5,5,50
A*,40x40,6,Path Ahead Spiking,10,1,100,381.0,18.547706305980682,10,9,9277,18.306206911802292,,10,5,5,50
wA*,40x40,6,Path Ahead Spiking,10,1,80,360.0,12.83191703259945,8,7,6136,12.658461928367615,2.0,10,5,5,50
GBFS,40x40,6,Path Ahead Spiking,10,1,74,2070.0,0.4691667854785919,8,7,320,0.41412562131881714,,10,5,5,50
D*Lite,40x40,6,Path Ahead Spiking,10,1,80,416.0,34.5805399119854,8,7,2114,33.77237543463707,,10,5,5,50
UCS,40x40,7,Path Ahead Spiking,10,1,76,273.0,15.802918002009392,8,7,8483,15.548959374427795,,10,5,5,50
A*,40x40,7,Path Ahead Spiking,10,1,78,335.0,15.495041385293007,8,7,7260,15.267163515090942,,10,5,5,50
wA*,40x40,7,Path Ahead Spiking,10,1,80,316.0,19.22137476503849,8,7,8744,18.956581130623817,2.0,10,5,5,50
GBFS,40x40,7,Path Ahead Spiking,10,1,74,1985.0,0.46341679990291595,8,7,320,0.3995392471551895,,10,5,5,50
D*Lite,40x40,7,Path Ahead Spiking,10,1,80,421.0,36.985624581575394,8,7,2248,36.18942014873028,,10,5,5,50
UCS,40x40,8,Path Ahead Spiking,10,1,76,295.0,14.659708365797997,8,7,8364,14.44954238831997,,10,5,5,50
A*,40x40,8,Path Ahead Spiking,10,1,80,331.0,15.871291980147362,8,7,7730,15.6664177775383,,10,5,5,50
wA*,40x40,8,Path Ahead Spiking,10,1,80,413.0,17.33333244919777,8,7,8133,17.123665660619736,2.0,10,5,5,50
GBFS,40x40,8,Path Ahead Spiking,10,1,74,2007.0,0.46129152178764343,8,7,320,0.4052892327308655,,10,5,5,50
D*Lite,40x40,8,Path Ahead Spiking,10,1,78,460.0,35.54258495569229,8,7,2208,34.78458523750305,,10,5,5,50
UCS,40x40,9,Path Ahead Spiking,10,1,84,303.0,17.5614170730114,9,8,9279,17.287997528910637,,10,5,5,50
A*,40x40,9,Path Ahead Spiking,10,1,84,303.0,17.472123727202415,9,8,8076,17.220914363861084,,10,5,5,50
wA*,40x40,9,Path Ahead Spiking,10,1,84,303.0,14.045417308807373,9,8,6445,13.844124972820282,2.0,10,5,5,50
GBFS,40x40,9,Path Ahead Spiking,10,1,74,2030.0,0.4870835691690445,8,7,320,0.4252474755048752,,10,5,5,50
D*Lite,40x40,9,Path Ahead Spiking,10,1,78,337.0,36.651792004704475,8,7,2255,35.85725463926792,,10,5,5,50
UCS,80x80,0,Path Ahead Spiking,10,1,164,665.0,127.54770927131176,17,16,68331,126.13375298678875,,10,5,5,50
A*,80x80,0,Path Ahead Spiking,10,1,162,702.0,121.82374857366085,17,16,57805,120.52129209041595,,10,5,5,50
wA*,80x80,0,Path Ahead Spiking,10,1,158,668.0,119.93070878088474,16,15,55561,118.71945299208164,2.0,10,5,5,50
GBFS,80x80,0,Path Ahead Spiking,10,1,154,4428.0,1.7089582979679108,16,15,1280,1.5857964754104614,,10,5,5,50
D*Lite,80x80,0,Path Ahead Spiking,10,1,168,795.0,120.94404175877571,17,16,7756,119.07929554581642,,10,5,5,50
UCS,80x80,1,Path Ahead Spiking,10,1,160,629.0,134.28583182394505,16,15,73312,132.7705830335617,,10,5,5,50
A*,80x80,1,Path Ahead Spiking,10,1,170,664.0,130.47241605818272,17,16,62958,129.1795801371336,,10,5,5,50
wA*,80x80,1,Path Ahead Spiking,10,1,160,685.0,113.38620819151402,16,15,51981,112.21299320459366,2.0,10,5,5,50
GBFS,80x80,1,Path Ahead Spiking,10,1,154,4435.0,1.7114169895648956,16,15,1280,1.587124541401863,,10,5,5,50
D*Lite,80x80,1,Path Ahead Spiking,10,1,162,779.0,117.31295846402645,17,16,7488,115.51696062088013,,10,5,5,50
UCS,80x80,2,Path Ahead Spiking,10,1,176,647.0,147.49141596257687,18,17,80593,145.88920772075653,,10,5,5,50
A*,80x80,2,Path Ahead Spiking,10,1,172,701.0,141.49354211986065,18,17,69096,140.06107859313488,,10,5,5,50
wA*,80x80,2,Path Ahead Spiking,10,1,172,701.0,144.84895952045918,18,17,64949,143.38500052690506,2.0,10,5,5,50
GBFS,80x80,2,Path Ahead Spiking,10,1,154,4480.0,1.8451660871505737,16,15,1280,1.6947071999311447,,10,5,5,50
D*Lite,80x80,2,Path Ahead Spiking,10,1,172,684.0,116.37425050139427,18,17,7188,114.51616510748863,,10,5,5,50
UCS,80x80,3,Path Ahead Spiking,10,1,158,616.0,132.9889167100191,16,15,69601,131.47995807230473,,10,5,5,50
A*,80x80,3,Path Ahead Spiking,10,1,160,627.0,126.38100050389767,16,15,59330,125.13524852693081,,10,5,5,50
wA*,80x80,3,Path Ahead Spiking,10,1,162,741.0,96.71208262443542,17,16,43672,95.69675102829933,2.0,10,5,5,50
GBFS,80x80,3,Path Ahead Spiking,10,1,154,4430.0,1.686999574303627,16,15,1280,1.564202830195427,,10,5,5,50
D*Lite,80x80,3,Path Ahead Spiking,10,1,162,741.0,135.13783179223537,17,16,8224,133.28583911061287,,10,5,5,50
UCS,80x80,4,Path Ahead Spiking,10,1,168,618.0,143.98299902677536,17,16,75423,142.41729117929935,,10,5,5,50
A*,80x80,4,Path Ahead Spiking,10,1,170,674.0,139.0892919152975,17,16,65190,137.74429634213448,,10,5,5,50
wA*,80x80,4,Path Ahead Spiking,10,1,168,668.0,129.94725070893764,17,16,59908,128.60650382936,2.0,10,5,5,50
GBFS,80x80,4,Path Ahead Spiking,10,1,154,4409.0,1.7416253685951233,16,15,1280,1.6118288040161133,,10,5,5,50
D*Lite,80x80,4,Path Ahead Spiking,10,1,168,750.0,122.5576251745224,17,16,7501,120.72770670056343,,10,5,5,50
UCS,80x80,5,Path Ahead Spiking,10,1,158,583.0,133.13141651451588,16,15,70168,131.6801682114601,,10,5,5,50
A*,80x80,5,Path Ahead Spiking,10,1,160,643.0,125.18391758203506,16,15,58572,123.94312024116516,,10,5,5,50
wA*,80x80,5,Path Ahead Spiking,10,1,160,665.0,127.02375091612339,16,15,56701,125.74799731373787,2.0,10,5,5,50
GBFS,80x80,5,Path Ahead Spiking,10,1,154,4399.0,1.8163323402404785,16,15,1280,1.6885008662939072,,10,5,5,50
D*Lite,80x80,5,Path Ahead Spiking,10,1,166,756.0,121.46087363362312,17,16,7589,119.6106281131506,,10,5,5,50
UCS,80x80,6,Path Ahead Spiking,10,1,160,601.0,129.60175052285194,16,15,70616,128.1809639185667,,10,5,5,50
A*,80x80,6,Path Ahead Spiking,10,1,168,626.0,134.78129170835018,17,16,64795,133.43441858887672,,10,5,5,50
wA*,80x80,6,Path Ahead Spiking,10,1,164,633.0,111.19320802390575,17,16,48679,110.086465254426,2.0,10,5,5,50
GBFS,80x80,6,Path Ahead Spiking,10,1,154,4383.0,1.7805416136980057,16,15,1280,1.6532503068447113,,10,5,5,50
D*Lite,80x80,6,Path Ahead Spiking,10,1,164,800.0,125.72637386620045,17,16,7762,123.8881703466177,,10,5,5,50
UCS,80x80,7,Path Ahead Spiking,10,1,174,667.0,144.12541687488556,18,17,75532,142.5450872629881,,10,5,5,50
A*,80x80,7,Path Ahead Spiking,10,1,172,706.0,134.56529192626476,18,17,64164,133.23466666042805,,10,5,5,50
wA*,80x80,7,Path Ahead Spiking,10,1,168,675.0,123.9886675029993,17,16,56834,122.70520627498627,2.0,10,5,5,50
GBFS,80x80,7,Path Ahead Spiking,10,1,154,4430.0,1.7484165728092194,16,15,1280,1.6201213002204895,,10,5,5,50
D*Lite,80x80,7,Path Ahead Spiking,10,1,170,687.0,114.55516517162323,17,16,7233,112.72278986871243,,10,5,5,50
UCS,80x80,8,Path Ahead Spiking,10,1,166,619.0,145.09066566824913,17,16,76538,143.52133497595787,,10,5,5,50
A*,80x80,8,Path Ahead Spiking,10,1,166,670.0,139.97045904397964,17,16,67056,138.5701671242714,,10,5,5,50
wA*,80x80,8,Path Ahead Spiking,10,1,164,695.0,135.59837453067303,17,16,62375,134.24037769436836,2.0,10,5,5,50
GBFS,80x80,8,Path Ahead Spiking,10,1,154,4435.0,1.7041247338056564,16,15,1280,1.5809573233127594,,10,5,5,50
D*Lite,80x80,8,Path Ahead Spiking,10,1,164,742.0,112.9901260137558,17,16,7232,111.23187281191349,,10,5,5,50
UCS,80x80,9,Path Ahead Spiking,10,1,174,644.0,136.97708398103714,18,17,75386,135.44879108667374,,10,5,5,50
A*,80x80,9,Path Ahead Spiking,10,1,168,706.0,130.29895722866058,17,16,63792,128.98099794983864,,10,5,5,50
wA*,80x80,9,Path Ahead Spiking,10,1,166,708.0,127.51070782542229,17,16,58938,126.22875161468983,2.0,10,5,5,50
GBFS,80x80,9,Path Ahead Spiking,10,1,154,4360.0,1.675209030508995,16,15,1280,1.551913097500801,,10,5,5,50
D*Lite,80x80,9,Path Ahead Spiking,10,1,170,689.0,117.66449920833111,17,16,7476,115.81508256494999,,10,5,5,50
